"60608",31
"60609",31
"60612",14
"60613",18
"60614",39
"60615",14
"60616",19
"60617",27
"60618",39
"60619",19
"60620",25
"60621",13
"60623",15
"60624",16
"60625",26
"60626",15
"60628",19
"60629",17
"60630",18
"60631",9
"60632",27
"60634",29
"60636",18
"60637",10
"60638",29
"60639",39
"60640",19
"60641",19
"60643",15
"60644",14
"60645",7
"60646",9
"60647",28
"60649",17
"60651",14
"60652",18
"60653",7
"60655",7
"60656",10
"60657",18
"60659",18
"60660",17
"60601, 60602, 60603, 60604, 60605 & 60611",98
"60606, 60607 & 60661",51
"60610 & 60654",33
"60622 & 60642",28
"60707 & 60635",16
"60827 & 60633",11
